lmid	lmid_link	name	sysname	cayman	msms_link	ion	ion_mode	instrument	ionization_type	declustering_potential	spray_V	collision_energy	protocol_name	protocol_file
LMFA01030381	/data/LMSDRecord.php?LM_ID=LMFA01030381&NAME=5Z, 8Z, 11Z ETrE	5Z, 8Z, 11Z ETrE	5Z,8Z,11Z-eicosatrienoic acid		==>	[M-H]-	NEG	ABI 4000 QTRAP	ESI	-60	-4500	-30	Eicos_MSMS_protocol.pdf	Eicos_MSMS_protocol.pdf
LMFA01030178	/data/LMSDRecord.php?LM_ID=LMFA01030178&NAME=Adrenic Acid	Adrenic Acid	7Z,10Z,13Z,16Z-docosatetraenoic acid		==>	[M-H]-	NEG	ABI 4000 QTRAP	ESI	-60	-4500	-30	Eicos_MSMS_protocol.pdf	Eicos_MSMS_protocol.pdf
LMFA01030003	/data/LMSDRecord.php?LM_ID=LMFA01030003&NAME=Arachidonic Acid (d8)	Arachidonic Acid (d8)	5Z,8Z,11Z,14Z-eicosatetraenoic acid (5,6,8,9,11,12,14,15-d8)	==>		[M-H]-	Neg	ABI 4000 QTRAP	ESI	-60	-4500	-30	Eicos_MSMS_protocol.pdf	Eicos_MSMS_protocol.pdf
LMFA01030001	/data/LMSDRecord.php?LM_ID=LMFA01030001&NAME=Arachidonic acid	Arachidonic acid	5Z,8Z,11Z,14Z-eicosatetraenoic acid	==>	==>	[M-H]-	Neg	ABI 4000 QTRAP	ESI	-60	-4500	-30	Eicos_MSMS_protocol.pdf	Eicos_MSMS_protocol.pdf
LMFA01030185	/data/LMSDRecord.php?LM_ID=LMFA01030185&NAME=DHA	DHA	4Z,7Z,10Z,13Z,16Z,19Z-docosahexaenoic acid		==>	[M-H]-	NEG	ABI 4000 QTRAP	ESI	-60	-4500	-30	Eicos_MSMS_protocol.pdf	Eicos_MSMS_protocol.pdf
LMFA01030762	/data/LMSDRecord.php?LM_ID=LMFA01030762&NAME=DHA (d5)	DHA (d5)	4Z,7Z,10Z,13Z,16Z,19Z-docosahexaenoic acid (d5)		==>	[M-H]-	NEG	ABI 4000 QTRAP	ESI	-60	-4500	-30	Eicos_MSMS_protocol.pdf	Eicos_MSMS_protocol.pdf
LMFA01030158	/data/LMSDRecord.php?LM_ID=LMFA01030158&NAME=Dihomo-gamma-linolenic acid	Dihomo-γ-linolenic acid	8Z,11Z,14Z-eicosatrienoic acid		==>	[M-H]-	NEG	ABI 4000 QTRAP	ESI	-60	-4500	-30	Eicos_MSMS_protocol.pdf	Eicos_MSMS_protocol.pdf
LMFA01030759	/data/LMSDRecord.php?LM_ID=LMFA01030759&NAME=EPA	EPA	5Z,8Z,11Z,14Z,17Z-eicosapentaenoic acid		==>	[M-H]-	NEG	ABI 4000 QTRAP	ESI	-60	-4500	-30	Eicos_MSMS_protocol.pdf	Eicos_MSMS_protocol.pdf
LMFA01030761	/data/LMSDRecord.php?LM_ID=LMFA01030761&NAME=EPA (d5)	EPA (d5)	5Z,8Z,11Z,14Z,17Z-eicosapentaenoic acid (d5)		==>	[M-H]-	NEG	ABI 4000 QTRAP	ESI	-60	-4500	-30	Eicos_MSMS_protocol.pdf	Eicos_MSMS_protocol.pdf
LMFA01030357	/data/LMSDRecord.php?LM_ID=LMFA01030357&NAME=Stearidonic Acid	Stearidonic Acid	6Z,9Z,12Z,15Z-octadecatetraenoic acid		==>	[M-H]-	NEG	ABI 4000 QTRAP	ESI	-60	-4500	-30	Eicos_MSMS_protocol.pdf	Eicos_MSMS_protocol.pdf
LMFA01050143	/data/LMSDRecord.php?LM_ID=LMFA01050143&NAME=Tetranor-12(R)-HETE	Tetranor-12(R)-HETE	8R-hydroxy-4Z,6E,10Z-hexadecatrienoic acid		==>	[M-H]-	NEG	ABI 4000 QTRAP	ESI	-60	-4500	-30	Eicos_MSMS_protocol.pdf	Eicos_MSMS_protocol.pdf
LMFA02000038	/data/LMSDRecord.php?LM_ID=LMFA02000038&NAME=12(13)-EpOME 	12(13)-EpOME	(+/-)-12(13)-epoxy-9Z-octadecenoic acid		==>	[M-H]-	NEG	ABI 4000 QTRAP	ESI	-60	-4500	-30	Eicos_MSMS_protocol.pdf	Eicos_MSMS_protocol.pdf
LMFA02000035	/data/LMSDRecord.php?LM_ID=LMFA02000035&NAME=13(R)-HODE	13(R)-HODE	13R-hydroxy-9Z,11E-octadecadienoic acid		==>	[M-H]-	NEG	ABI 4000 QTRAP	ESI	-60	-4500	-30	Eicos_MSMS_protocol.pdf	Eicos_MSMS_protocol.pdf
	/data/LMSDRecord.php?LM_ID=LMFA02000228&NAME=13(S)-HODE	13(S)-HODE	13S-hydroxy-9Z,11E-octadecadienoic acid		==>	[M-H]-								
LMFA02000051	/data/LMSDRecord.php?LM_ID=LMFA02000051&NAME=13(S)-HOTrE	13(S)-HOTrE	13S-hydroxy-9Z,11E,15Z-octadecatrienoic acid		==>	[M-H]-	NEG	ABI 4000 QTRAP	ESI	-60	-4500	-30	Eicos_MSMS_protocol.pdf	Eicos_MSMS_protocol.pdf
LMFA02000034	/data/LMSDRecord.php?LM_ID=LMFA02000034&NAME=13(S)-HpODE	13(S)-HpODE	13S-hydroperoxy-9Z,11E-octadecadienoic acid		==>	[M-H]-	NEG	ABI 4000 QTRAP	ESI	-60	-4500	-30	Eicos_MSMS_protocol.pdf	Eicos_MSMS_protocol.pdf
LMFA02000052	/data/LMSDRecord.php?LM_ID=LMFA02000052&NAME=13(S)-HpOTrE 	13(S)-HpOTrE	13S-hydroperoxy-9Z,11E,15Z-octadecatrienoic acid		==>	[M-H]-	NEG	ABI 4000 QTRAP	ESI	-60	-4500	-30	Eicos_MSMS_protocol.pdf	Eicos_MSMS_protocol.pdf
LMFA02000016	/data/LMSDRecord.php?LM_ID=LMFA02000016&NAME=13-OxoODE	13-OxoODE	13-keto-9Z,11E-octadecadienoic acid		==>	[M-H]-	NEG	ABI 4000 QTRAP	ESI	-60	-4500	-30	Eicos_MSMS_protocol.pdf	Eicos_MSMS_protocol.pdf
LMFA02000037	/data/LMSDRecord.php?LM_ID=LMFA02000037&NAME=9(10)-EpOME	9(10)-EpOME	9,10-epoxy-12Z-octadecenoic acid		==>	[M-H]-	NEG	ABI 4000 QTRAP	ESI	-60	-4500	-30	Eicos_MSMS_protocol.pdf	Eicos_MSMS_protocol.pdf
LMFA02000036	/data/LMSDRecord.php?LM_ID=LMFA02000036&NAME=9(R)-HODE	9(R)-HODE	9R-hydroxy-10E,12Z-octadecadienoic acid		==>	[M-H]-	NEG	ABI 4000 QTRAP	ESI	-60	-4500	-30	Eicos_MSMS_protocol.pdf	Eicos_MSMS_protocol.pdf
	/data/LMSDRecord.php?LM_ID=LMFA02000188&NAME=9(S)-HODE	9(S)-HODE	9S-hydroxy-10E,12Z-octadecadienoic acid		==>	[M-H]-								
LMFA02000024	/data/LMSDRecord.php?LM_ID=LMFA02000024&NAME=9(S)-HOTrE	9(S)-HOTrE	9S-hydroxy-10E,12Z,15Z-octadecatrienoic acid		==>	[M-H]-	NEG	ABI 4000 QTRAP	ESI	-60	-4500	-30	Eicos_MSMS_protocol.pdf	Eicos_MSMS_protocol.pdf
LMFA02000012	/data/LMSDRecord.php?LM_ID=LMFA02000012&NAME=9(S)-HpODE	9(S)-HpODE	9S-hydroperoxy-10E,12Z-octadecadienoic acid		==>	[M-H]-	NEG	ABI 4000 QTRAP	ESI	-60	-4500	-30	Eicos_MSMS_protocol.pdf	Eicos_MSMS_protocol.pdf
LMFA02000018	/data/LMSDRecord.php?LM_ID=LMFA02000018&NAME=9(S)-HpOTrE 	9(S)-HpOTrE	9S-hydroperoxy-10E,12Z,15Z-octadecatrienoic acid		==>	[M-H]-	NEG	ABI 4000 QTRAP	ESI	-60	-4500	-30	Eicos_MSMS_protocol.pdf	Eicos_MSMS_protocol.pdf
LMFA03000005	/data/LMSDRecord.php?LM_ID=LMFA03000005&NAME=11(R)-HEDE	11(R)-HEDE	11R-hydroxy-12E,14Z-eicosadienoic acid		==>	[M-H]-	NEG	ABI 4000 QTRAP	ESI	-60	-4500	-30	Eicos_MSMS_protocol.pdf	Eicos_MSMS_protocol.pdf
LMFA03000008	/data/LMSDRecord.php?LM_ID=LMFA03000008&NAME=15(R)-HEDE	15(R)-HEDE	15R-hydroxy-11Z-13E-eicosadienoic acid		==>	[M-H]-	NEG	ABI 4000 QTRAP	ESI	-60	-4500	-30	Eicos_MSMS_protocol.pdf	Eicos_MSMS_protocol.pdf
LMFA03010054	/data/LMSDRecord.php?LM_ID=LMFA03010054&NAME=11-deoxy-PGE1	11-deoxy-PGE1	9-oxo-15S-hydroxy-13E-prostaenoic acid		==>	[M-H]-	NEG	ABI 4000 QTRAP	ESI	-60	-4500	-30	Eicos_MSMS_protocol.pdf	Eicos_MSMS_protocol.pdf
LMFA03010061	/data/LMSDRecord.php?LM_ID=LMFA03010061&NAME=11-deoxy-PGE2	11-deoxy-PGE2	9-oxo-15S-hydroxy-5Z,13E-prostadienoic acid		==>	[M-H]-	NEG	ABI 4000 QTRAP	ESI	-60	-4500	-30	Eicos_MSMS_protocol.pdf	Eicos_MSMS_protocol.pdf
LMFA03010068	/data/LMSDRecord.php?LM_ID=LMFA03010068&NAME=11-deoxy-PGF1a	11-deoxy-PGF1a	9S,15S-dihydroxy-13E-prostaenoic acid		==>	[M-H]-	NEG	ABI 4000 QTRAP	ESI	-60	-4500	-30	Eicos_MSMS_protocol.pdf	Eicos_MSMS_protocol.pdf
LMFA03010070	/data/LMSDRecord.php?LM_ID=LMFA03010070&NAME=11-deoxy-PGF1b	11-deoxy-PGF1b	9R,15S-dihydroxy-13E-prostaenoic acid		==>	[M-H]-	NEG	ABI 4000 QTRAP	ESI	-60	-4500	-30	Eicos_MSMS_protocol.pdf	Eicos_MSMS_protocol.pdf
LMFA03010078	/data/LMSDRecord.php?LM_ID=LMFA03010078&NAME=11-deoxy-PGF2a	11-deoxy-PGF2a	9S,15S-dihydroxy-5Z,13E-prostadienoic acid		==>	[M-H]-	NEG	ABI 4000 QTRAP	ESI	-60	-4500	-30	Eicos_MSMS_protocol.pdf	Eicos_MSMS_protocol.pdf
LMFA03010164	/data/LMSDRecord.php?LM_ID=LMFA03010164&NAME=11-deoxy-PGF2b	11-deoxy-PGF2b	9R,15S-dihydroxy-5Z,13E-prostadienoic acid		==>	[M-H]-	NEG	ABI 4000 QTRAP	ESI	-60	-4500	-30	Eicos_MSMS_protocol.pdf	Eicos_MSMS_protocol.pdf
LMFA03010060	/data/LMSDRecord.php?LM_ID=LMFA03010060&NAME=11beta-PGE2	11β-PGE2	9-oxo-11S,15S-dihydroxy-5Z,13E-prostadienoic acid		==>	[M-H]-	NEG	ABI 4000 QTRAP	ESI	-60	-4500	-30	Eicos_MSMS_protocol.pdf	Eicos_MSMS_protocol.pdf
LMFA03010036	/data/LMSDRecord.php?LM_ID=LMFA03010036&NAME=11beta-PGF2alpha	11β-PGF2α	9S,11S,15S-trihydroxy-5Z,13E-prostadienoic acid	==>	==>	[M-H]-	Neg	ABI 4000 QTRAP	ESI	-60	-4500	-30	Eicos_MSMS_protocol.pdf	Eicos_MSMS_protocol.pdf
LMFA03010144	/data/LMSDRecord.php?LM_ID=LMFA03010144&NAME=13,14-dihydro PGE1	13,14-dihydro PGE1	9-oxo-11R,15S-dihydroxy-prostanoic acid		==>	[M-H]-	NEG	ABI 4000 QTRAP	ESI	-60	-4500	-30	Eicos_MSMS_protocol.pdf	Eicos_MSMS_protocol.pdf
LMFA03010165	/data/LMSDRecord.php?LM_ID=LMFA03010165&NAME=13,14-dihydro, 19(R)-hydroxy PGE1	13,14-dihydro, 19(R)-hydroxy PGE1	9-oxo-11R,15S,19R-trihydroxy-prostanoic acid		==>	[M-H]-	NEG	ABI 4000 QTRAP	ESI	-60	-4500	-30	Eicos_MSMS_protocol.pdf	Eicos_MSMS_protocol.pdf
LMFA03010033	/data/LMSDRecord.php?LM_ID=LMFA03010033&NAME=13,14-dihydro-15 keto-PGA2	13,14-dihydro-15 keto-PGA2	9,15-dioxo-5Z,10-prostadienoic acid	==>	==>	[M-H]-	Neg	ABI 4000 QTRAP	ESI	-60	-4500	-30	Eicos_MSMS_protocol.pdf	Eicos_MSMS_protocol.pdf
LMFA03010022	/data/LMSDRecord.php?LM_ID=LMFA03010022&NAME=13,14-dihydro-15-keto-PGD2	13,14-dihydro-15-keto-PGD2	11,15-dioxo-9S-hydroxy-5Z-prostenoic acid	==>	==>	[M-H]-	Neg	ABI 4000 QTRAP	ESI	-60	-4500	-30	Eicos_MSMS_protocol.pdf	Eicos_MSMS_protocol.pdf
LMFA03010031	/data/LMSDRecord.php?LM_ID=LMFA03010031&NAME=13,14-dihydro-15-keto-PGE2	13,14-dihydro-15-keto-PGE2	9,15-dioxo-11R-hydroxy-5Z-prostenoic acid	==>	==>	[M-H]-	Neg	ABI 4000 QTRAP	ESI	-60	-4500	-30	Eicos_MSMS_protocol.pdf	Eicos_MSMS_protocol.pdf
LMFA03010027	/data/LMSDRecord.php?LM_ID=LMFA03010027&NAME=13,14-dihydro-15-keto-PGF2alpha	13,14-dihydro-15-keto-PGF2α	9S,11S-dihydroxy-15-oxo-5Z-prostenoic acid	==>	==>	[M-H]-	Neg	ABI 4000 QTRAP	ESI	-60	-4500	-30	Eicos_MSMS_protocol.pdf	Eicos_MSMS_protocol.pdf
LMFA03010079	/data/LMSDRecord.php?LM_ID=LMFA03010079&NAME=13,14-dihydro-PGF2a	13,14-dihydro-PGF2a	9S,11R,15S-trihydroxy-5Z-prostenoic acid		==>	[M-H]-	NEG	ABI 4000 QTRAP	ESI	-60	-4500	-30	Eicos_MSMS_protocol.pdf	Eicos_MSMS_protocol.pdf
LMFA03010021	/data/LMSDRecord.php?LM_ID=LMFA03010021&NAME=15-deoxy-delta-12,14-PGJ2	15-deoxy-δ-12,14-PGJ2	11-oxo-5Z,9,12E,14E-prostatetraenoic acid	==>	==>	[M-H]-	Neg	ABI 4000 QTRAP	ESI	-60	-4500	-30	Eicos_MSMS_protocol.pdf	Eicos_MSMS_protocol.pdf
LMFA03010146	/data/LMSDRecord.php?LM_ID=LMFA03010146&NAME=15-keto-PGE1	15-keto-PGE1	9,15-dioxo-11R-hydroxy-13E-prostaenoic acid		==>	[M-H]-	NEG	ABI 4000 QTRAP	ESI	-60	-4500	-30	Eicos_MSMS_protocol.pdf	Eicos_MSMS_protocol.pdf
LMFA03010030	/data/LMSDRecord.php?LM_ID=LMFA03010030&NAME=15-keto-PGE2	15-keto-PGE2	9,15-dioxo-11R-hydroxy-5Z,13E-prostadienoic acid	==>	==>	[M-H]-	Neg	ABI 4000 QTRAP	ESI	-60	-4500	-30	Eicos_MSMS_protocol.pdf	Eicos_MSMS_protocol.pdf
LMFA03010026	/data/LMSDRecord.php?LM_ID=LMFA03010026&NAME=15-keto-PGF2alpha	15-keto-PGF2α	9S,11R-dihydroxy-15-oxo-5Z,13E-prostadienoic acid	==>	==>	[M-H]-	Neg	ABI 4000 QTRAP	ESI	-60	-4500	-30	Eicos_MSMS_protocol.pdf	Eicos_MSMS_protocol.pdf
LMFA03010171	/data/LMSDRecord.php?LM_ID=LMFA03010171&NAME=15d-PGA1	15d-PGA1	9-oxo-10,12Z,14E-prostatrienoic acid		==>	[M-H]-	NEG	ABI 4000 QTRAP	ESI	-60	-4500	-30	Eicos_MSMS_protocol.pdf	Eicos_MSMS_protocol.pdf
LMFA03010172	/data/LMSDRecord.php?LM_ID=LMFA03010172&NAME=15d-PGA2	15d-PGA2	9-oxo-5Z,10,12Z,14E-prostatetraenoic acid		==>	[M-H]-	NEG	ABI 4000 QTRAP	ESI	-60	-4500	-30	Eicos_MSMS_protocol.pdf	Eicos_MSMS_protocol.pdf
LMFA03010166	/data/LMSDRecord.php?LM_ID=LMFA03010166&NAME=19(R)-hydroxy PGA2	19(R)-hydroxy PGA2	9-oxo-15S,19R-dihydroxy-5Z,10Z,13E-prostatrienoic acid		==>	[M-H]-	NEG	ABI 4000 QTRAP	ESI	-60	-4500	-30	Eicos_MSMS_protocol.pdf	Eicos_MSMS_protocol.pdf
LMFA03010167	/data/LMSDRecord.php?LM_ID=LMFA03010167&NAME=19(R)-hydroxy PGB2	19(R)-hydroxy PGB2	9-oxo-15S,19R-dihydroxy-5Z,8(12),13E-prostatrienoic acid		==>	[M-H]-	NEG	ABI 4000 QTRAP	ESI	-60	-4500	-30	Eicos_MSMS_protocol.pdf	Eicos_MSMS_protocol.pdf
LMGL01010009	/data/LMSDRecord.php?LM_ID=LMGL01010009&NAME=MG(16:0/0:0/0:0)	MG(16:0/0:0/0:0)	1-hexadecanoyl-sn-glycerol		==>	[M+NH4]+	Pos	ABI API 3000	ESI	50	4000	25	CoreE_MSMS_protocol.pdf	CoreE_MSMS_protocol.pdf
	/data/LMSDRecord.php?LM_ID=LMGL02010309&NAME=DG(14:0/0:0/14:0) (d5)	DG(14:0/0:0/14:0) (d5)	1,3-ditetradecanoyl-sn-glycerol (d5)	==>	==>	[M+NH4]+								
	/data/LMSDRecord.php?LM_ID=LMGL02010310&NAME=DG(15:0/0:0/15:0) (d5)	DG(15:0/0:0/15:0) (d5)	1,3-dipentadecanoyl-2-hydroxy-glycerol (d5)		==>	[M+NH4]+								
	/data/LMSDRecord.php?LM_ID=LMGL02010311&NAME=DG(16:0/0:0/16:0) (d5)	DG(16:0/0:0/16:0) (d5)	1,3-dihexadecanoyl-2-hydroxy-glycerol (d5)		==>	[M+NH4]+								
LMGL02010009	/data/LMSDRecord.php?LM_ID=LMGL02010009&NAME=DG(16:0/16:0/0:0)	DG(16:0/16:0/0:0)	1,2-dihexadecanoyl-sn-glycerol		==>	[M+NH4]+	Pos	ABI API 3000	ESI	50	4000	25	CoreE_MSMS_protocol.pdf	CoreE_MSMS_protocol.pdf
	/data/LMSDRecord.php?LM_ID=LMGL02010312&NAME=DG(17:0/0:0/17:0) (d5)	DG(17:0/0:0/17:0) (d5)	1,3-diheptadecanoyl-2-hydroxy-glycerol (d5)		==>	[M+NH4]+								
	/data/LMSDRecord.php?LM_ID=LMGL02010313&NAME=DG(19:0/0:0/19:0) (d5)	DG(19:0/0:0/19:0) (d5)	1,3-dinonadecanoyl-2-hydroxy-glycerol (d5)		==>	[M+NH4]+								
	/data/LMSDRecord.php?LM_ID=LMGL02010314&NAME=DG(20:0/0:0/20:0) (d5)	DG(20:0/0:0/20:0) (d5)	1,3-dieicosanoyl-2-hydroxy-glycerol (d5)		==>	[M+NH4]+								
	/data/LMSDRecord.php?LM_ID=LMGL02010315&NAME=DG(20:2(11Z,14Z)/0:0/20:2(11Z,14Z)) (d5)	DG(20:2(11Z,14Z)/0:0/20:2(11Z,14Z)) (d5)	1,3-di-(11Z,14Z-eicosadienoyl)-2-hydroxy-glycerol (d5)		==>	[M+NH4]+								
	/data/LMSDRecord.php?LM_ID=LMGL02010316&NAME=DG(20:4(5Z,8Z,11Z,14Z)/0:0/20:4(5Z,8Z,11Z,14Z)) (d5)	DG(20:4(5Z,8Z,11Z,14Z)/0:0/20:4(5Z,8Z,11Z,14Z)) (d5)	1,3-di-(5Z,8Z,11Z,14Z-eicosatetraenoyl)-2-hydroxy-glycerol (d5)		==>	[M+NH4]+								
	/data/LMSDRecord.php?LM_ID=LMGL02010308&NAME=DG(20:5(5Z,8Z,11Z,14Z,17Z)/0:0/20:5(5Z,8Z,11Z,14Z,17Z)) (d5)	DG(20:5(5Z,8Z,11Z,14Z,17Z)/0:0/20:5(5Z,8Z,11Z,14Z,17Z)) (d5)	1,3-di-(5Z,8Z,11Z,14Z,17Z-eicosapentaenoyl)-2-hydroxy-glycerol (d5)		==>	[M+NH4]+								
	/data/LMSDRecord.php?LM_ID=LMGL03010009&NAME=TG(14:0/16:1(9Z)/14:0) (d5)	TG(14:0/16:1(9Z)/14:0) (d5)	1,3-ditetradecanoyl-2-(9Z-hexadecenoyl)-glycerol (d5)		==>	[M+NH4]+								
	/data/LMSDRecord.php?LM_ID=LMGL03010010&NAME=TG(15:0/18:1(9Z)/15:0) (d5)	TG(15:0/18:1(9Z)/15:0) (d5)	1,3-dipentadecanoyl-2-(9Z-octadecenoyl)-glycerol (d5)		==>	[M+NH4]+								
LMGL03010001	/data/LMSDRecord.php?LM_ID=LMGL03010001&NAME=TG(16:0/16:0/16:0)	TG(16:0/16:0/16:0)	1,2,3-trihexadecanoyl-sn-glycerol		==>	[M+NH4]+	Pos	ABI API 3000	ESI	45	4400	30	CoreE_MSMS_protocol.pdf	CoreE_MSMS_protocol.pdf
	/data/LMSDRecord.php?LM_ID=LMGL03010011&NAME=TG(16:0/18:0/16:0) (d5)	TG(16:0/18:0/16:0) (d5)	1,3-dihexadecanoyl-2-octadecanoyl-sn-glycerol (d5)		==>	[M+NH4]+								
	/data/LMSDRecord.php?LM_ID=LMGL03010012&NAME=TG(17:0/17:1(10Z)/17:0) (d5)	TG(17:0/17:1(10Z)/17:0) (d5)	1,3-diheptadecanoyl-2-(10Z-heptadecenoyl)-glycerol (d5)		==>	[M+NH4]+								
	/data/LMSDRecord.php?LM_ID=LMGL03010013&NAME=TG(19:0/12:0/19:0) (d5)	TG(19:0/12:0/19:0) (d5)	1,3-dinonadecanoyl-2-dodecanoyl-sn-glycerol (d5)		==>	[M+NH4]+								
	/data/LMSDRecord.php?LM_ID=LMGL03010014&NAME=TG(20:0/20:1(11Z)/20:0) (d5)	TG(20:0/20:1(11Z)/20:0) (d5)	1,3-dieicosanoyl-2-(11Z-eicosenoyl)-glycerol (d5)		==>	[M+NH4]+								
	/data/LMSDRecord.php?LM_ID=LMGL03010015&NAME=TG(20:2(11Z,14Z)/18:3(6Z,9Z,12Z)/20:2(11Z,14Z)) (d5)	TG(20:2(11Z,14Z)/18:3(6Z,9Z,12Z)/20:2(11Z,14Z)) (d5)	1,3-di-(11Z,14Z-eicosadienoyl)-2-(6Z,9Z,12Z-octadecatrienoyl)-glycerol (d5)		==>	[M+NH4]+								
	/data/LMSDRecord.php?LM_ID=LMGL03010016&NAME=TG(20:4(5Z,8Z,11Z,14Z)/18:2(9Z,12Z)/20:4(5Z,8Z,11Z,14Z)) (d5)	TG(20:4(5Z,8Z,11Z,14Z)/18:2(9Z,12Z)/20:4(5Z,8Z,11Z,14Z)) (d5)	1,3-di-(5Z,8Z,11Z,14Z-eicosatetraenoyl)-2-(9Z,12Z-octadecadienoyl)-glycerol (d5)		==>	[M+NH4]+								
	/data/LMSDRecord.php?LM_ID=LMGL03010008&NAME=TG(20:5(5Z,8Z,11Z,14Z,17Z)/22:6(4Z,7Z,10Z,13Z,16Z,19Z)/20:5(5Z,8Z,11Z,14Z,17Z)) (d5)	TG(20:5(5Z,8Z,11Z,14Z,17Z)/22:6(4Z,7Z,10Z,13Z,16Z,19Z)/20:5(5Z,8Z,11Z,14Z,17Z)) (d5)	1,3-di-(5Z,8Z,11Z,14Z,17Z-eicosapentaenoyl)-2-(4Z,7Z,10Z,13Z,16Z,19Z-docosahexaenoyl)-glycerol (d5)		==>	[M+NH4]+								
LMGP01010407	/data/LMSDRecord.php?LM_ID=LMGP01010407&NAME=PC(11:0/11:0)	PC(11:0/11:0)	1,2-diundecanoyl-sn-glycero-3-phosphocholine		==>	[M.Cl]-	Neg	ABI 4000 QTRAP	ESI	-110	-4500	-40	CoreH_MS_protocol.pdf	CoreH_MS_protocol.pdf
LMGP01010429	/data/LMSDRecord.php?LM_ID=LMGP01010429&NAME=PC(12:0/12:0)	PC(12:0/12:0)	1,2-didodecanoyl-sn-glycero-3-phosphocholine		==>	[M.Cl]-	Neg	ABI 4000 QTRAP	ESI	-110	-4500	-40	CoreH_MS_protocol.pdf	CoreH_MS_protocol.pdf
LMGP01010001	/data/LMSDRecord.php?LM_ID=LMGP01010001&NAME=PC(12:0/13:0)	PC(12:0/13:0)	1-dodecanoyl-2-tridecanoyl-sn-glycero-3-phosphocholine	==>		[M.Cl]-	Neg	ABI 4000 QTRAP	ESI	-110	-4500	-40	CoreH_MS_protocol.pdf	CoreH_MS_protocol.pdf
LMGP01010477	/data/LMSDRecord.php?LM_ID=LMGP01010477&NAME=PC(14:0/14:0)	PC(14:0/14:0)	1,2-ditetradecanoyl-sn-glycero-3-phosphocholine		==>	[M.Cl]-	Neg	ABI 4000 QTRAP	ESI	-110	-4500	-40	CoreH_MS_protocol.pdf	CoreH_MS_protocol.pdf
LMGP01010523	/data/LMSDRecord.php?LM_ID=LMGP01010523&NAME=PC(14:1(9Z)/14:1(9Z))	PC(14:1(9Z)/14:1(9Z))	1,2-di-(9Z-tetradecenoyl)-sn-glycero-3-phosphocholine		==>	[M.Cl]-	Neg	ABI 4000 QTRAP	ESI	-110	-4500	-40	CoreH_MS_protocol.pdf	CoreH_MS_protocol.pdf
LMGP01010002	/data/LMSDRecord.php?LM_ID=LMGP01010002&NAME=PC(16:0/15:1(14))	PC(16:0/15:1(14))	1-hexadecanoyl-2-(14-pentadecenoyl)-sn-glycero-3-phosphocholine		==>	[M.Cl]-	Neg	ABI 4000 QTRAP	ESI	-110	-4500	-40	CoreH_MS_protocol.pdf	CoreH_MS_protocol.pdf
LMGP01010564	/data/LMSDRecord.php?LM_ID=LMGP01010564&NAME=PC(16:0/16:0)	PC(16:0/16:0)	1,2-dihexadecanoyl-sn-glycero-3-phosphocholine		==>	[M.Cl]-	Neg	ABI 4000 QTRAP	ESI	-110	-4500	-40	CoreH_MS_protocol.pdf	CoreH_MS_protocol.pdf
LMGP01010005	/data/LMSDRecord.php?LM_ID=LMGP01010005&NAME=PC(16:0/18:1(9Z))	PC(16:0/18:1(9Z))	1-hexadecanoyl-2-(9Z-octadecenoyl)-sn-glycero-3-phosphocholine		==>	[M.Cl]-	Neg	ABI 4000 QTRAP	ESI	-110	-4500	-40	CoreH_MS_protocol.pdf	CoreH_MS_protocol.pdf
LMGP01010007	/data/LMSDRecord.php?LM_ID=LMGP01010007&NAME=PC(16:0/20:4(5Z,8Z,11Z,14Z))	PC(16:0/20:4(5Z,8Z,11Z,14Z))	1-hexadecanoyl-2-(5Z,8Z,11Z,14Z-eicosatetraenoyl)-sn-glycero-3-phosphocholine		==>	[M+H]+	Pos	ABI API 3000	ESI	50	4200	25	CoreE_MSMS_protocol.pdf	CoreE_MSMS_protocol.pdf
LMGP01010008	/data/LMSDRecord.php?LM_ID=LMGP01010008&NAME=PC(17:0/14:1(9Z))	PC(17:0/14:1(9Z))	1-heptadecanoyl-2-(9Z-tetradecenoyl)-sn-glycero-3-phosphocholine	==>		[M.Cl]-	Neg	ABI 4000 QTRAP	ESI	-110	-4500	-40	CoreH_MS_protocol.pdf	CoreH_MS_protocol.pdf
LMGP01010707	/data/LMSDRecord.php?LM_ID=LMGP01010707&NAME=PC(17:0/17:0)	PC(17:0/17:0)	1,2-diheptadecanoyl-sn-glycero-3-phosphocholine		==>	[M.Cl]-	Neg	ABI 4000 QTRAP	ESI	-110	-4500	-40	CoreH_MS_protocol.pdf	CoreH_MS_protocol.pdf
LMGP01010003	/data/LMSDRecord.php?LM_ID=LMGP01010003&NAME=PC(17:0/20:4(5Z,8Z,11Z,14Z))	PC(17:0/20:4(5Z,8Z,11Z,14Z))	1-heptadecanoyl-2-(5Z,8Z,11Z,14Z-eicosatetraenoyl)-sn-glycero-3-phosphocholine	==>		[M.Cl]-	Neg	ABI 4000 QTRAP	ESI	-110	-4500	-40	CoreH_MS_protocol.pdf	CoreH_MS_protocol.pdf
LMGP01010802	/data/LMSDRecord.php?LM_ID=LMGP01010802&NAME=PC(18:0/20:4(5Z,8Z,11Z,14Z))	PC(18:0/20:4(5Z,8Z,11Z,14Z))	1-octadecanoyl-2-(5Z,8Z,11Z,14Z-eicosatetraenoyl)-sn-glycero-3-phosphocholine		==>	[M.Cl]-	Neg	ABI 4000 QTRAP	ESI	-110	-4500	-40	CoreH_MS_protocol.pdf	CoreH_MS_protocol.pdf
LMGP01010821	/data/LMSDRecord.php?LM_ID=LMGP01010821&NAME=PC(18:0/22:6(4Z,7Z,10Z,13Z,16Z,19Z))	PC(18:0/22:6(4Z,7Z,10Z,13Z,16Z,19Z))	1-octadecanoyl-2-(4Z,7Z,10Z,13Z,16Z,19Z-docosahexaenoyl)-sn-glycero-3-phosphocholine		==>	[M.Cl]-	Neg	ABI 4000 QTRAP	ESI	-110	-4500	-40	CoreH_MS_protocol.pdf	CoreH_MS_protocol.pdf
LMGP01010882	/data/LMSDRecord.php?LM_ID=LMGP01010882&NAME=PC(18:1(9Z)/14:0)	PC(18:1(9Z)/14:0)	1-(9Z-octadecenoyl)-2-tetradecanoyl-sn-glycero-3-phosphocholine		==>	[M.Cl]-	Neg	ABI 4000 QTRAP	ESI	-110	-4500	-40	CoreH_MS_protocol.pdf	CoreH_MS_protocol.pdf
LMGP01010890	/data/LMSDRecord.php?LM_ID=LMGP01010890&NAME=PC(18:1(9Z)/18:1(9Z))	PC(18:1(9Z)/18:1(9Z))	1,2-di-(9Z-octadecenoyl)-sn-glycero-3-phosphocholine		==>	[M.Cl]-	Neg	ABI 4000 QTRAP	ESI	-110	-4500	-40	CoreH_MS_protocol.pdf	CoreH_MS_protocol.pdf
LMGP01010956	/data/LMSDRecord.php?LM_ID=LMGP01010956&NAME=PC(18:3(9Z,12Z,15Z)/18:3(9Z,12Z,15Z))	PC(18:3(9Z,12Z,15Z)/18:3(9Z,12Z,15Z))	1,2-di-(9Z,12Z,15Z-octadecatrienoyl)-sn-glycero-3-phosphocholine		==>	[M.Cl]-	Neg	ABI 4000 QTRAP	ESI	-110	-4500	-40	CoreH_MS_protocol.pdf	CoreH_MS_protocol.pdf
LMGP01011014	/data/LMSDRecord.php?LM_ID=LMGP01011014&NAME=PC(20:0/20:0)	PC(20:0/20:0)	1,2-dieicosanoyl-sn-glycero-3-phosphocholine		==>	[M.Cl]-	Neg	ABI 4000 QTRAP	ESI	-110	-4500	-40	CoreH_MS_protocol.pdf	CoreH_MS_protocol.pdf
LMGP01010004	/data/LMSDRecord.php?LM_ID=LMGP01010004&NAME=PC(21:0/22:6(4Z,7Z,10Z,13Z,16Z,19Z))	PC(21:0/22:6(4Z,7Z,10Z,13Z,16Z,19Z))	1-heneicosanoyl-2-(4Z,7Z,10Z,13Z,16Z,19Z-docosahexaenoyl)-sn-glycero-3-phosphocholine	==>		[M.Cl]-	Neg	ABI 4000 QTRAP	ESI	-110	-4500	-40	CoreH_MS_protocol.pdf	CoreH_MS_protocol.pdf
LMGP01011110	/data/LMSDRecord.php?LM_ID=LMGP01011110&NAME=PC(22:1(13Z)/22:1(13Z))	PC(22:1(13Z)/22:1(13Z))	1,2-di-(13Z-docosenoyl)-sn-glycero-3-phosphocholine		==>	[M.Cl]-	Neg	ABI 4000 QTRAP	ESI	-110	-4500	-40	CoreH_MS_protocol.pdf	CoreH_MS_protocol.pdf
LMGP01011222	/data/LMSDRecord.php?LM_ID=LMGP01011222&NAME=PC(4:0/4:0)	PC(4:0/4:0)	1,2-dibutyryl-sn-glycero-3-phosphocholine		==>	[M.Cl]-	Neg	ABI 4000 QTRAP	ESI	-110	-4500	-40	CoreH_MS_protocol.pdf	CoreH_MS_protocol.pdf
	/data/LMSDRecord.php?LM_ID=LMGP01020003&NAME=PC(O-16:0/18:1(9Z))	PC(O-16:0/18:1(9Z))	1-hexadecyl-2-(9Z-octadecenoyl)-sn-glycero-3-phosphocholine		==>	[M.Cl]-								
LMGP01020053	/data/LMSDRecord.php?LM_ID=LMGP01020053&NAME=PC(O-16:0/20:3(8Z,11Z,14Z))	PC(O-16:0/20:3(8Z,11Z,14Z))	1-hexadecyl-2-(8Z,11Z,14Z-eicosatrienoyl)-sn-glycero-3-phosphocholine		==>	[M.Cl]-	Neg	ABI 4000 QTRAP	ESI	-110	-4500	-40	CoreH_MS_protocol.pdf	CoreH_MS_protocol.pdf
LMGP01020056	/data/LMSDRecord.php?LM_ID=LMGP01020056&NAME=PC(O-16:0/20:4(5Z,8Z,11Z,14Z))	PC(O-16:0/20:4(5Z,8Z,11Z,14Z))	1-hexadecyl-2-(5Z,8Z,11Z,14Z-eicosatetraenoyl)-sn-glycero-3-phosphocholine		==>	[M.Cl]-	Neg	ABI 4000 QTRAP	ESI	-110	-4500	-40	CoreH_MS_protocol.pdf	CoreH_MS_protocol.pdf
LMGP01020094	/data/LMSDRecord.php?LM_ID=LMGP01020094&NAME=PC(O-18:0/2:0)	PC(O-18:0/2:0)	1-octadecyl-2-acetyl-sn-glycero-3-phosphocholine		==>	[M.Cl]-	Neg	ABI 4000 QTRAP	ESI	-110	-4500	-40	CoreH_MS_protocol.pdf	CoreH_MS_protocol.pdf
	/data/LMSDRecord.php?LM_ID=LMGP01030013&NAME=PC(P-18:0/18:1(9Z))	PC(P-18:0/18:1(9Z))	1-(1Z-octadecenyl)-2-(9Z-octadecenoyl)-sn-glycero-3-phosphocholine		==>	[M+H]+								
LMSP01040003	/data/LMSDRecord.php?LM_ID=LMSP01040003&NAME=C17 Sphinganine	C17 Sphinganine	heptadecasphinganine	==>	==>	[M+H]+	Pos	ABI 4000 QTRAP	ESI	71	4500	30		
LMSP01040002	/data/LMSDRecord.php?LM_ID=LMSP01040002&NAME=C17 Sphingosine	C17 Sphingosine	heptadecasphing-4-enine	==>	==>	[M+H]+	Pos	ABI 4000 QTRAP	ESI	71	4500	20		
	/data/LMSDRecord.php?LM_ID=LMSP01050001&NAME=Sphingosine-1-phosphate	Sphingosine-1-phosphate	Sphing-4-enine-1-phosphate		==>	[M+H]+								
LMSP02010002	/data/LMSDRecord.php?LM_ID=LMSP02010002&NAME=Ceramide Cer(d18:1/12:0)	Ceramide Cer(d18:1/12:0)	N-(dodecanoyl)-sphing-4-enine	==>	==>	[M+H]+	Pos	ABI 4000 QTRAP	ESI	70	4500	30		
	/data/LMSDRecord.php?LM_ID=LMSP02010013&NAME=Ceramide Cer(d18:1/25:0)	Ceramide Cer(d18:1/25:0)	N-(pentacosanoyl)-sphing-4-enine		==>	[M-H]-								
LMSP02010003	/data/LMSDRecord.php?LM_ID=LMSP02010003&NAME=Ceramide Cer(d18:1/9Z-18:1)	Ceramide Cer(d18:1/9Z-18:1)	N-(9Z-octadecenoyl)-sphing-4-enine		==>	[M+H]+	Pos	ABI 4000 QTRAP	ESI	135	4500	30		
LMSP02050001	/data/LMSDRecord.php?LM_ID=LMSP02050001&NAME=Ceramide-phosphate CerP(d18:1/12:0)	Ceramide-phosphate CerP(d18:1/12:0)	N-(dodecanoyl)-sphing-4-enine-1-phosphate	==>	==>	[M+H]+	Pos	ABI 4000 QTRAP	ESI	76	4500	30		
LMSP03010002	/data/LMSDRecord.php?LM_ID=LMSP03010002&NAME=Sphingomyelin SM(d18:1/12:0)	Sphingomyelin SM(d18:1/12:0)	N-(dodecanoyl)-sphing-4-enine-1-phosphocholine	==>	==>	[M+H]+	Pos	ABI 4000 QTRAP	ESI	120	4500	30		
	/data/LMSDRecord.php?LM_ID=LMSP03010001&NAME=Sphingomyelin SM(d18:1/18:0)	Sphingomyelin SM(d18:1/18:0)	N-(octadecanoyl)-sphing-4-enine-1-phosphocholine		==>	[M+H]+								
LMSP0501AA01	/data/LMSDRecord.php?LM_ID=LMSP0501AA01&NAME=Glucosyl ceramide GlcCer(d18:1/12:0)	Glucosyl ceramide GlcCer(d18:1/12:0)	N-(dodecanoyl)-1-β-glucosyl-sphing-4-enine	==>	==>	[M+H]+	Pos	ABI 4000 QTRAP	ESI	150	4500	30		
LMSP0501AB02	/data/LMSDRecord.php?LM_ID=LMSP0501AB02&NAME=Lactosyl ceramide LacCer(d18:1/12:0)	Lactosyl ceramide LacCer(d18:1/12:0)	N-(dodecanoyl)-1-b-lactosyl-sphing-4-enine	==>	==>	[M+H]+	Pos	ABI 4000 QTRAP	ESI	102	4500	30		
	/data/LMSDRecord.php?LM_ID=LMST01010086&NAME=22R-hydroxycholesterol	22R-hydroxycholesterol	cholest-5-en-3β,22R-diol		==>	[M+NH4]+								
	/data/LMSDRecord.php?LM_ID=LMST01010144&NAME=22R-hydroxycholesterol(d7)	22R-hydroxycholesterol(d7)	cholest-5-en-3β,22R-diol(d7)	==>	==>	[M+NH4]+								
	/data/LMSDRecord.php?LM_ID=LMST01010145&NAME=22S-hydroxycholesterol(d7)	22S-hydroxycholesterol(d7)	cholest-5-en-3β,22S-diol(d7)	==>	==>	[M+NH4]+								
	/data/LMSDRecord.php?LM_ID=LMST01010148&NAME=24,25-epoxy-cholesterol(d6)	24,25-epoxy-cholesterol(d6)	24,25-epoxy-cholest-5-en-3β-ol(d6)	==>	==>	[M+NH4]+								
	/data/LMSDRecord.php?LM_ID=LMST01010012&NAME=24,25-epoxycholesterol	24,25-epoxycholesterol	24S,25-epoxy-cholest-5-en-3β-ol		==>	[M+NH4]+								
	/data/LMSDRecord.php?LM_ID=LMST01010087&NAME=24-dihydrolanosterol	24-dihydrolanosterol	5α-lanost-8-en-3β-ol		==>	[M+H]+								
	/data/LMSDRecord.php?LM_ID=LMST01010092&NAME=24-hydroxy-cholesterol(d6)	24-hydroxy-cholesterol(d6)	cholest-5-en-3β,24-diol(d6)	==>	==>	[M+NH4]+								
	/data/LMSDRecord.php?LM_ID=LMST01010019&NAME=24S-hydroxy-cholesterol	24S-hydroxy-cholesterol	cholest-5-en-3β,24S-diol		==>	[M+NH4]+								
	/data/LMSDRecord.php?LM_ID=LMST01010018&NAME=25-hydroxy-cholesterol	25-hydroxy-cholesterol	cholest-5-en-3β,25-diol		==>	[M+NH4]+								
	/data/LMSDRecord.php?LM_ID=LMST01010002&NAME=25-hydroxy-cholesterol(d3)	25-hydroxy-cholesterol(d3)	cholest-5-en-3β,25-diol(d3)	==>	==>	[M+NH4]+								
	/data/LMSDRecord.php?LM_ID=LMST01010146&NAME=25-hydroxy-cholesterol(d6)	25-hydroxy-cholesterol(d6)	cholest-5-en-3β,25-diol(d6)	==>	==>	[M+NH4]+								
	/data/LMSDRecord.php?LM_ID=LMST01010088&NAME=26-hydroxycholesterol-(25R)	26-hydroxycholesterol-(25R)	cholest-(25R)-5-en-3β,26-diol		==>	[M+NH4]+								
	/data/LMSDRecord.php?LM_ID=LMST01010147&NAME=27-hydroxy-cholesterol(d6)	27-hydroxy-cholesterol(d6)	cholest-5-en-3β,27-diol(d6)	==>	==>	[M+NH4]+								
	/data/LMSDRecord.php?LM_ID=LMST01010003&NAME=4beta-hydroxy-cholesterol(d7)	4β-hydroxy-cholesterol(d7)	cholest-5-en-3β,4β-diol(d7)	==>	==>	[M+NH4]+								
	/data/LMSDRecord.php?LM_ID=LMST01010014&NAME=4beta-hydroxycholesterol	4β-hydroxycholesterol	cholest-5-en-3β,4β-diol		==>	[M+NH4]+								
	/data/LMSDRecord.php?LM_ID=LMST01010011&NAME=5,6alpha epoxycholesterol	5,6α epoxycholesterol	5α,6α-epoxy-5α-cholestan-3β-ol		==>	[M+NH4]+								
	/data/LMSDRecord.php?LM_ID=LMST01010004&NAME=5,6alpha-epoxy-cholesterol(d7)	5,6α-epoxy-cholesterol(d7)	5,6α-epoxy-5α-cholestan-3β-ol(d7)	==>	==>	[M+NH4]+								
	/data/LMSDRecord.php?LM_ID=LMST01010010&NAME=5,6beta-epoxy-cholesterol	5,6β-epoxy-cholesterol	5β,6β-epoxy-cholestan-3β-ol		==>	[M+NH4]+								
	/data/LMSDRecord.php?LM_ID=LMST01010007&NAME=6alpha-hydroxycholestanol(d7) 	6α-hydroxycholestanol(d7)	cholestan-3β,6α-diol(d7)	==>	==>	[M+NH4]+								
	/data/LMSDRecord.php?LM_ID=LMST01010069&NAME=7-dehydrocholesterol	7-dehydrocholesterol	cholesta-5,7-dien-3β-ol		==>	[M+H]+								
	/data/LMSDRecord.php?LM_ID=LMST01010049&NAME=7-keto-cholesterol	7-keto-cholesterol	7-oxo-cholest-5-en-3β-ol		==>	[M+NH4]+								
	/data/LMSDRecord.php?LM_ID=LMST01010005&NAME=7-oxocholesterol(d7)	7-oxocholesterol(d7)	7-oxo-cholest-5-en-3β-ol(d7)	==>	==>	[M+H]+								
	/data/LMSDRecord.php?LM_ID=LMST01010006&NAME=7alpha-hydroxy-cholesterol(d7)	7α-hydroxy-cholesterol(d7)	cholest-5-en-3β,7α-diol(d7)	==>	==>	[M+NH4]+								
	/data/LMSDRecord.php?LM_ID=LMST01010013&NAME=7alpha-hydroxycholesterol	7α-hydroxycholesterol	cholest-5-en-3β,7α-diol		==>	[M+H -H2O]+								
	/data/LMSDRecord.php?LM_ID=LMST01010008&NAME=7beta-hydroxy-cholesterol(d7)	7β-hydroxy-cholesterol(d7)	cholest-5-en-3β,7β-diol(d7)	==>	==>	[M+NH4]+								
	/data/LMSDRecord.php?LM_ID=LMST01010015&NAME=Cholestenone	Cholestenone	cholest-4-en-3-one		==>	[M+H]+								
	/data/LMSDRecord.php?LM_ID=LMST01010001&NAME=Cholesterol	Cholesterol	cholest-5-en-3β-ol		==>	[M+NH4]+								
	/data/LMSDRecord.php?LM_ID=LMST01010093&NAME=Cholesterol(d7) 	Cholesterol(d7)	cholest-5-en-3β-ol(d7)	==>	==>	[M+NH4]+								
	/data/LMSDRecord.php?LM_ID=LMST01010016&NAME=Desmosterol	Desmosterol	cholest-5,24-dien-3β-ol		==>	[M+NH4]+								
	/data/LMSDRecord.php?LM_ID=LMST01010090&NAME=Desmosterol(d6)	Desmosterol(d6)	cholest-5,24-dien-3β-ol(d6)	==>	==>	[M+NH4]+								
	/data/LMSDRecord.php?LM_ID=LMST01010017&NAME=Lanosterol	Lanosterol	lanosta-8,24-dien-3β-ol		==>	[M+NH4]+								
	/data/LMSDRecord.php?LM_ID=LMST01010089&NAME=Lathosterol	Lathosterol	cholest-7-en-3β-ol		==>	[M+NH4]+								
	/data/LMSDRecord.php?LM_ID=LMST01010066&NAME=Zymosterol	Zymosterol	5α-cholesta-8,24-dien-3β-ol		==>	[M+H]+								
	/data/LMSDRecord.php?LM_ID=LMST01010077&NAME=cholestanol	cholestanol	cholestan-3β-ol		==>	[M+NH4]+								
	/data/LMSDRecord.php?LM_ID=LMST01020003&NAME=Cholesteryl oleate	Cholesteryl oleate	cholest-5-en-3b-yl (9Z-octadecenoate)		==>	[M+NH4]+								
	/data/LMSDRecord.php?LM_ID=LMST03020001&NAME=Vitamin D3	Vitamin D3	(5Z,7E)-(3S)-9,10-seco-5,7,10(19)-cholestatrien-3-ol		==>	[M+NH4]+								
	/data/LMSDRecord.php?LM_ID=LMST04010001&NAME=Cholic acid	Cholic acid	3α,7α,12α-trihydroxy-5β-cholan-24-oic acid		==>	[M-H]-								
	/data/LMSDRecord.php?LM_ID=LMST05040001&NAME=Taurocholic acid	Taurocholic acid	N-(3α,7α,12α-trihydroxy-5β-cholan-24-oyl)-taurine		==>	[M-H]-								
	/data/LMSDRecord.php?LM_ID=LMPR02010001&NAME=Coenzyme Q10	Coenzyme Q10	-		==>	[M+NH4]+								
	/data/LMSDRecord.php?LM_ID=LMPR02010003&NAME=Coenzyme Q4	Coenzyme Q4	-		==>	[M+NH4]+								
	/data/LMSDRecord.php?LM_ID=LMPR02010002&NAME=Coenzyme Q6	Coenzyme Q6	-		==>	[M+NH4]+								
	/data/LMSDRecord.php?LM_ID=LMPR02030001&NAME=Vitamin K2	Vitamin K2	-		==>	[M+H]+								
	/data/LMSDRecord.php?LM_ID=LMPR03020002&NAME=Undecaprenyl phosphate mannose	Undecaprenyl phosphate mannose	α-mannosyl-undecaprenyl phosphate		==>	[M-H]-								
	/data/LMSDRecord.php?LM_ID=LMPR03020001&NAME=undecaprenyl phosphate	undecaprenyl phosphate	3,7,11,15,19,23,27,31,35,39,43-undecamethyltetratetraconta-2Z,6Z,10Z,14Z,18Z,22Z,26Z,30Z,34E,38E,42-undecaen-1-yl phosphate			[M-H]-								
	/data/LMSDRecord.php?LM_ID=LMPR03030003&NAME=Lipid II	Lipid II	GlcNAcβ1-4MurNAc-(L-Ala-γ-D-Glu-A2pm-D-Ala-D-Ala)-α-undecaprenyl diphosphate		==>	[M-2H]2-								
	/data/LMSDRecord.php?LM_ID=LMPR03030002&NAME=Undecaprenyl diphosphate-GlcNAc-ManNAcA	Undecaprenyl diphosphate-GlcNAc-ManNAcA	ManNAcAβ1-4GlcNAcα-undecaprenyl diphosphate		==>	[M-H]-								
	/data/LMSDRecord.php?LM_ID=LMPR03080001&NAME=Dolichyl-19 phosphate	Dolichyl-19 phosphate	a-dihydrononadecaprenyl phosphate		==>	[M-H]-								
	/data/LMSDRecord.php?LM_ID=LMSL01020001&NAME=Lipid X	Lipid X	2,3-bis-(3R-hydroxy-tetradecanoyl)-αD-glucosamine-1-phosphate		==>	[M-H]-								
	/data/LMSDRecord.php?LM_ID=LMSL01020002&NAME=UDP-2,3-diacyl-GlcN	UDP-2,3-diacyl-GlcN	UDP-2,3-bis-(3R-hydroxy-tetradecanoyl)-αD-glucosamine		==>	[M-H]-								
	/data/LMSDRecord.php?LM_ID=LMSL01040001&NAME=Lipid IVA	Lipid IVA	Lipid IVA		==>	[M-2H]2-								
	/data/LMSDRecord.php?LM_ID=LMSL02000001&NAME=Kdo2-lipid A	Kdo2-lipid A	Kdo2-lipid A	==>	==>	[M-2H]2-								
